{"cameraMode":{"drawMode":0,"name":"Shaded","section":"Shading Mode"},"sceneLighting":true,"audioPlay":false,"sceneViewState":{"showFog":true,"showMaterialUpdate":false,"showSkybox":true,"showFlares":true,"showImageEffects":true,"showParticleSystems":true},"in2DMode":false,"pivot":{"x":4.405019760131836,"y":1.2710274457931519,"z":1.0431559085845948},"rotation":{"x":0.10026127099990845,"y":0.7739492058753967,"z":-0.1267346441745758,"w":0.6122844815254211},"size":0.30428463220596316,"orthographic":false}