{"cameraMode":{"drawMode":0,"name":"Shaded","section":"Shading Mode"},"sceneLighting":true,"audioPlay":false,"sceneViewState":{"showFog":true,"showMaterialUpdate":false,"showSkybox":true,"showFlares":true,"showImageEffects":true,"showParticleSystems":true},"in2DMode":false,"pivot":{"x":7.624302864074707,"y":2.5695033073425295,"z":-0.8517498970031738},"rotation":{"x":0.24710184335708619,"y":-0.4742960035800934,"z":0.14066219329833985,"w":0.8331894278526306},"size":10.0,"orthographic":false}