{"cameraMode":{"drawMode":0,"name":"Shaded","section":"Shading Mode"},"sceneLighting":false,"audioPlay":false,"sceneViewState":{"showFog":true,"showMaterialUpdate":false,"showSkybox":false,"showFlares":true,"showImageEffects":true,"showParticleSystems":true},"in2DMode":false,"pivot":{"x":0.05388760194182396,"y":0.01680641435086727,"z":0.49324938654899599},"rotation":{"x":0.10026127099990845,"y":0.7739492058753967,"z":-0.1267346441745758,"w":0.6122844815254211},"size":10.0,"orthographic":false}