{"cameraMode":{"drawMode":0,"name":"Shaded","section":"Shading Mode"},"sceneLighting":true,"audioPlay":false,"sceneViewState":{"showFog":true,"showMaterialUpdate":false,"showSkybox":true,"showFlares":true,"showImageEffects":true,"showParticleSystems":true},"in2DMode":false,"pivot":{"x":-1.4901161193847657e-8,"y":0.0,"z":0.45968738198280337},"rotation":{"x":0.10026127099990845,"y":0.7739492058753967,"z":-0.1267346441745758,"w":0.6122844815254211},"size":1.5042847394943238,"orthographic":false}